Benchmarks/testsuite/8.xml,Benchmarks/testsuite/8/nvpMin.prod,G
Benchmarks/testsuite/8.xml,Benchmarks/testsuite/8/nvpMax.prod,G
Benchmarks/testsuite/8.xml,Benchmarks/testsuite/8/vpMin.prod,NoConflict
Benchmarks/testsuite/8.xml,Benchmarks/testsuite/8/vpMax.prod,NoConflict
Benchmarks/testsuite/10.xml,Benchmarks/testsuite/10/nvpMin.prod,C
Benchmarks/testsuite/10.xml,Benchmarks/testsuite/10/nvpMax.prod,C
Benchmarks/testsuite/10.xml,Benchmarks/testsuite/10/vpMin.prod,NoConflict
Benchmarks/testsuite/10.xml,Benchmarks/testsuite/10/vpMax.prod,NoConflict
Benchmarks/testsuite/1.xml,Benchmarks/testsuite/1/nvpMin.prod,C
Benchmarks/testsuite/1.xml,Benchmarks/testsuite/1/nvpMax.prod,C
Benchmarks/testsuite/1.xml,Benchmarks/testsuite/1/vpMin.prod,NoConflict
Benchmarks/testsuite/1.xml,Benchmarks/testsuite/1/vpMax.prod,NoConflict
Benchmarks/testsuite/5.xml,Benchmarks/testsuite/5/nvpMin.prod,C
Benchmarks/testsuite/5.xml,Benchmarks/testsuite/5/nvpMax.prod,C
Benchmarks/testsuite/5.xml,Benchmarks/testsuite/5/vpMin.prod,NoConflict
Benchmarks/testsuite/5.xml,Benchmarks/testsuite/5/vpMax.prod,NoConflict
Benchmarks/testsuite/3.xml,Benchmarks/testsuite/3/nvpMin.prod,B
Benchmarks/testsuite/3.xml,Benchmarks/testsuite/3/nvpMax.prod,B
Benchmarks/testsuite/3.xml,Benchmarks/testsuite/3/vpMin.prod,NoConflict
Benchmarks/testsuite/3.xml,Benchmarks/testsuite/3/vpMax.prod,NoConflict
Benchmarks/testsuite/7.xml,Benchmarks/testsuite/7/nvpMin.prod,E
Benchmarks/testsuite/7.xml,Benchmarks/testsuite/7/nvpMax.prod,E
Benchmarks/testsuite/7.xml,Benchmarks/testsuite/7/vpMin.prod,NoConflict
Benchmarks/testsuite/7.xml,Benchmarks/testsuite/7/vpMax.prod,NoConflict
Benchmarks/testsuite/19.xml,Benchmarks/testsuite/19/nvpMin.prod,E
Benchmarks/testsuite/19.xml,Benchmarks/testsuite/19/nvpMax.prod,E
Benchmarks/testsuite/19.xml,Benchmarks/testsuite/19/vpMin.prod,E
Benchmarks/testsuite/19.xml,Benchmarks/testsuite/19/vpMax.prod,NoConflict
Benchmarks/testsuite/13.xml,Benchmarks/testsuite/13/nvpMin.prod,I
Benchmarks/testsuite/13.xml,Benchmarks/testsuite/13/nvpMax.prod,I
Benchmarks/testsuite/13.xml,Benchmarks/testsuite/13/vpMin.prod,NoConflict
Benchmarks/testsuite/13.xml,Benchmarks/testsuite/13/vpMax.prod,NoConflict
Benchmarks/testsuite/2.xml,Benchmarks/testsuite/2/nvpMin.prod,C
Benchmarks/testsuite/2.xml,Benchmarks/testsuite/2/nvpMax.prod,C
Benchmarks/testsuite/2.xml,Benchmarks/testsuite/2/vpMin.prod,NoConflict
Benchmarks/testsuite/2.xml,Benchmarks/testsuite/2/vpMax.prod,NoConflict
Benchmarks/testsuite/6.xml,Benchmarks/testsuite/6/nvpMin.prod,C
Benchmarks/testsuite/6.xml,Benchmarks/testsuite/6/nvpMax.prod,C
Benchmarks/testsuite/6.xml,Benchmarks/testsuite/6/vpMin.prod,NoConflict
Benchmarks/testsuite/6.xml,Benchmarks/testsuite/6/vpMax.prod,NoConflict
Benchmarks/testsuite/12.xml,Benchmarks/testsuite/12/nvpMin.prod,G
Benchmarks/testsuite/12.xml,Benchmarks/testsuite/12/nvpMax.prod,G
Benchmarks/testsuite/12.xml,Benchmarks/testsuite/12/vpMin.prod,NoConflict
Benchmarks/testsuite/12.xml,Benchmarks/testsuite/12/vpMax.prod,NoConflict
Benchmarks/testsuite/14.xml,Benchmarks/testsuite/14/nvpMin.prod,NoConflict
Benchmarks/testsuite/14.xml,Benchmarks/testsuite/14/nvpMax.prod,NoConflict
Benchmarks/testsuite/14.xml,Benchmarks/testsuite/14/vpMin.prod,NoConflict
Benchmarks/testsuite/14.xml,Benchmarks/testsuite/14/vpMax.prod,NoConflict
Benchmarks/testsuite/11.xml,Benchmarks/testsuite/11/nvpMin.prod,G
Benchmarks/testsuite/11.xml,Benchmarks/testsuite/11/nvpMax.prod,G
Benchmarks/testsuite/11.xml,Benchmarks/testsuite/11/vpMin.prod,NoConflict
Benchmarks/testsuite/11.xml,Benchmarks/testsuite/11/vpMax.prod,NoConflict
Benchmarks/testsuite/18.xml,Benchmarks/testsuite/18/nvpMin.prod,D
Benchmarks/testsuite/18.xml,Benchmarks/testsuite/18/nvpMax.prod,D
Benchmarks/testsuite/18.xml,Benchmarks/testsuite/18/vpMin.prod,NoConflict
Benchmarks/testsuite/18.xml,Benchmarks/testsuite/18/vpMax.prod,NoConflict
Benchmarks/testsuite/16.xml,Benchmarks/testsuite/16/nvpMin.prod,G
Benchmarks/testsuite/16.xml,Benchmarks/testsuite/16/nvpMax.prod,G
Benchmarks/testsuite/16.xml,Benchmarks/testsuite/16/vpMin.prod,NoConflict
Benchmarks/testsuite/16.xml,Benchmarks/testsuite/16/vpMax.prod,NoConflict
Benchmarks/testsuite/15.xml,Benchmarks/testsuite/15/nvpMin.prod,C
Benchmarks/testsuite/15.xml,Benchmarks/testsuite/15/nvpMax.prod,C
Benchmarks/testsuite/15.xml,Benchmarks/testsuite/15/vpMin.prod,NoConflict
Benchmarks/testsuite/15.xml,Benchmarks/testsuite/15/vpMax.prod,NoConflict
Benchmarks/testsuite/4.xml,Benchmarks/testsuite/4/nvpMin.prod,B
Benchmarks/testsuite/4.xml,Benchmarks/testsuite/4/nvpMax.prod,B
Benchmarks/testsuite/4.xml,Benchmarks/testsuite/4/vpMin.prod,NoConflict
Benchmarks/testsuite/4.xml,Benchmarks/testsuite/4/vpMax.prod,NoConflict
Benchmarks/testsuite/9.xml,Benchmarks/testsuite/9/nvpMin.prod,G
Benchmarks/testsuite/9.xml,Benchmarks/testsuite/9/nvpMax.prod,G
Benchmarks/testsuite/9.xml,Benchmarks/testsuite/9/vpMin.prod,NoConflict
Benchmarks/testsuite/9.xml,Benchmarks/testsuite/9/vpMax.prod,NoConflict
Benchmarks/testsuite/17.xml,Benchmarks/testsuite/17/nvpMin.prod,E
Benchmarks/testsuite/17.xml,Benchmarks/testsuite/17/nvpMax.prod,E
Benchmarks/testsuite/17.xml,Benchmarks/testsuite/17/vpMin.prod,NoConflict
Benchmarks/testsuite/17.xml,Benchmarks/testsuite/17/vpMax.prod,NoConflict
